[
  {
    "description": "  As a user of XYZ Bank,\n  I want to open an account\n  So that I have to create an account firstly",
    "elements": [
      {
        "id": "create-customer;create-the-customer-successfully",
        "keyword": "Scenario",
        "line": 13,
        "name": "Create the customer successfully",
        "steps": [
          {
            "arguments": [],
            "keyword": "Before ",
            "result": {
              "status": "passed",
              "duration": 370423
            },
            "hidden": true,
            "match": {
              "location": "/Users/nguyenthihongthuy/protractor-sb/demo/steps/add_customer_steps.js:10"
            }
          },
          {
            "arguments": [],
            "keyword": "Before ",
            "result": {
              "status": "passed",
              "duration": 254893
            },
            "hidden": true,
            "match": {
              "location": "/Users/nguyenthihongthuy/protractor-sb/demo/steps/delete_account_steps.js:7"
            }
          },
          {
            "arguments": [],
            "keyword": "Before ",
            "result": {
              "status": "passed",
              "duration": 179958
            },
            "hidden": true,
            "match": {
              "location": "/Users/nguyenthihongthuy/protractor-sb/demo/steps/open_account_steps.js:10"
            }
          },
          {
            "arguments": [],
            "keyword": "Given ",
            "name": "I open the website http://www.globalsqa.com/angularJs-protractor/BankingProject/#/manager/addCust",
            "result": {
              "status": "passed",
              "duration": 7627718
            },
            "line": 6,
            "match": {
              "location": "/Users/nguyenthihongthuy/protractor-sb/demo/steps/add_customer_steps.js:15"
            }
          },
          {
            "arguments": [],
            "keyword": "Then ",
            "name": "I verify that add customer screen appears",
            "result": {
              "status": "passed",
              "duration": 1244504
            },
            "line": 7,
            "match": {
              "location": "/Users/nguyenthihongthuy/protractor-sb/demo/steps/add_customer_steps.js:21"
            }
          },
          {
            "arguments": [],
            "keyword": "When ",
            "name": "I type first name as Thuy , last name as Nguyen , postcode as 55000",
            "result": {
              "status": "passed",
              "duration": 18931490
            },
            "line": 8,
            "match": {
              "location": "/Users/nguyenthihongthuy/protractor-sb/demo/steps/add_customer_steps.js:26"
            }
          },
          {
            "arguments": [],
            "keyword": "And ",
            "name": "I click submit button",
            "result": {
              "status": "passed",
              "duration": 14010524
            },
            "line": 9,
            "match": {
              "location": "/Users/nguyenthihongthuy/protractor-sb/demo/steps/add_customer_steps.js:34"
            }
          },
          {
            "arguments": [],
            "keyword": "Then ",
            "name": "I check the customer first name as Thuy , last name as Nguyen , postcode as 55000 has been existed in the customer list",
            "result": {
              "status": "passed",
              "duration": 318000
            },
            "line": 10,
            "match": {
              "location": "/Users/nguyenthihongthuy/protractor-sb/demo/steps/open_account_steps.js:16"
            }
          },
          {
            "arguments": [],
            "keyword": "After ",
            "result": {
              "status": "passed",
              "duration": 123771
            },
            "hidden": true,
            "match": {
              "location": "/Users/nguyenthihongthuy/protractor-sb/hook.js:5"
            }
          }
        ],
        "tags": [],
        "type": "scenario"
      },
      {
        "id": "create-customer;create-the-customer-successfully",
        "keyword": "Scenario",
        "line": 14,
        "name": "Create the customer successfully",
        "steps": [
          {
            "arguments": [],
            "keyword": "Before ",
            "result": {
              "status": "passed",
              "duration": 68554
            },
            "hidden": true,
            "match": {
              "location": "/Users/nguyenthihongthuy/protractor-sb/demo/steps/add_customer_steps.js:10"
            }
          },
          {
            "arguments": [],
            "keyword": "Before ",
            "result": {
              "status": "passed",
              "duration": 109979
            },
            "hidden": true,
            "match": {
              "location": "/Users/nguyenthihongthuy/protractor-sb/demo/steps/delete_account_steps.js:7"
            }
          },
          {
            "arguments": [],
            "keyword": "Before ",
            "result": {
              "status": "passed",
              "duration": 63874
            },
            "hidden": true,
            "match": {
              "location": "/Users/nguyenthihongthuy/protractor-sb/demo/steps/open_account_steps.js:10"
            }
          },
          {
            "arguments": [],
            "keyword": "Given ",
            "name": "I open the website http://www.globalsqa.com/angularJs-protractor/BankingProject/#/manager/addCust",
            "result": {
              "status": "passed",
              "duration": 2151667
            },
            "line": 6,
            "match": {
              "location": "/Users/nguyenthihongthuy/protractor-sb/demo/steps/add_customer_steps.js:15"
            }
          },
          {
            "arguments": [],
            "keyword": "Then ",
            "name": "I verify that add customer screen appears",
            "result": {
              "status": "passed",
              "duration": 151277
            },
            "line": 7,
            "match": {
              "location": "/Users/nguyenthihongthuy/protractor-sb/demo/steps/add_customer_steps.js:21"
            }
          },
          {
            "arguments": [],
            "keyword": "When ",
            "name": "I type first name as Hong , last name as Nguyen , postcode as 55000",
            "result": {
              "status": "passed",
              "duration": 3416470
            },
            "line": 8,
            "match": {
              "location": "/Users/nguyenthihongthuy/protractor-sb/demo/steps/add_customer_steps.js:26"
            }
          },
          {
            "arguments": [],
            "keyword": "And ",
            "name": "I click submit button",
            "result": {
              "status": "passed",
              "duration": 1789299
            },
            "line": 9,
            "match": {
              "location": "/Users/nguyenthihongthuy/protractor-sb/demo/steps/add_customer_steps.js:34"
            }
          },
          {
            "arguments": [],
            "keyword": "Then ",
            "name": "I check the customer first name as Hong , last name as Nguyen , postcode as 55000 has been existed in the customer list",
            "result": {
              "status": "passed",
              "duration": 132072
            },
            "line": 10,
            "match": {
              "location": "/Users/nguyenthihongthuy/protractor-sb/demo/steps/open_account_steps.js:16"
            }
          },
          {
            "arguments": [],
            "keyword": "After ",
            "result": {
              "status": "passed",
              "duration": 41706
            },
            "hidden": true,
            "match": {
              "location": "/Users/nguyenthihongthuy/protractor-sb/hook.js:5"
            }
          }
        ],
        "tags": [],
        "type": "scenario"
      }
    ],
    "id": "create-customer",
    "keyword": "Feature",
    "line": 1,
    "name": "Create Customer",
    "tags": [],
    "uri": "/Users/nguyenthihongthuy/protractor-sb/demo/features/1add_customer.feature"
  },
  {
    "description": "  As a user of XYZ Bank,\n  In order to open account to have the transaction successfully\n  So that I can do the transaction",
    "elements": [
      {
        "id": "open-account;:-open-account-successfully",
        "keyword": "Scenario",
        "line": 17,
        "name": ": Open account successfully",
        "steps": [
          {
            "arguments": [],
            "keyword": "Before ",
            "result": {
              "status": "passed",
              "duration": 68534
            },
            "hidden": true,
            "match": {
              "location": "/Users/nguyenthihongthuy/protractor-sb/demo/steps/add_customer_steps.js:10"
            }
          },
          {
            "arguments": [],
            "keyword": "Before ",
            "result": {
              "status": "passed",
              "duration": 108039
            },
            "hidden": true,
            "match": {
              "location": "/Users/nguyenthihongthuy/protractor-sb/demo/steps/delete_account_steps.js:7"
            }
          },
          {
            "arguments": [],
            "keyword": "Before ",
            "result": {
              "status": "passed",
              "duration": 219505
            },
            "hidden": true,
            "match": {
              "location": "/Users/nguyenthihongthuy/protractor-sb/demo/steps/open_account_steps.js:10"
            }
          },
          {
            "arguments": [],
            "keyword": "Given ",
            "name": "I open the website http://www.globalsqa.com/angularJs-protractor/BankingProject/#/manager/openAccount",
            "result": {
              "status": "passed",
              "duration": 2552349
            },
            "line": 10,
            "match": {
              "location": "/Users/nguyenthihongthuy/protractor-sb/demo/steps/add_customer_steps.js:15"
            }
          },
          {
            "arguments": [],
            "keyword": "And ",
            "name": "I verify that system is navigated to the open account screen",
            "result": {
              "status": "passed",
              "duration": 739239
            },
            "line": 11,
            "match": {
              "location": "/Users/nguyenthihongthuy/protractor-sb/demo/steps/open_account_steps.js:26"
            }
          },
          {
            "arguments": [],
            "keyword": "Then ",
            "name": "I choose customer with name Thuy Nguyen, currency Pound",
            "result": {
              "status": "passed",
              "duration": 2628060
            },
            "line": 12,
            "match": {
              "location": "/Users/nguyenthihongthuy/protractor-sb/demo/steps/open_account_steps.js:31"
            }
          },
          {
            "arguments": [],
            "keyword": "And ",
            "name": "I click on Process button",
            "result": {
              "status": "passed",
              "duration": 1072007
            },
            "line": 13,
            "match": {
              "location": "/Users/nguyenthihongthuy/protractor-sb/demo/steps/open_account_steps.js:37"
            }
          },
          {
            "arguments": [],
            "keyword": "Then ",
            "name": "I verify open account successfully with customer Thuy Nguyen",
            "result": {
              "status": "passed",
              "duration": 3818667
            },
            "line": 14,
            "match": {
              "location": "/Users/nguyenthihongthuy/protractor-sb/demo/steps/delete_account_steps.js:35"
            }
          },
          {
            "arguments": [],
            "keyword": "After ",
            "result": {
              "status": "passed",
              "duration": 39545
            },
            "hidden": true,
            "match": {
              "location": "/Users/nguyenthihongthuy/protractor-sb/hook.js:5"
            }
          }
        ],
        "tags": [],
        "type": "scenario"
      }
    ],
    "id": "open-account",
    "keyword": "Feature",
    "line": 2,
    "name": "Open Account",
    "tags": [],
    "uri": "/Users/nguyenthihongthuy/protractor-sb/demo/features/2open_account.feature"
  },
  {
    "description": "  As a user of XYZ Bank,\n  In order to clean an account\n  So that I delete an account",
    "elements": [
      {
        "id": "delete-account;delete-customer-successfully",
        "keyword": "Scenario",
        "line": 13,
        "name": "Delete customer successfully",
        "steps": [
          {
            "arguments": [],
            "keyword": "Before ",
            "result": {
              "status": "passed",
              "duration": 131713
            },
            "hidden": true,
            "match": {
              "location": "/Users/nguyenthihongthuy/protractor-sb/demo/steps/add_customer_steps.js:10"
            }
          },
          {
            "arguments": [],
            "keyword": "Before ",
            "result": {
              "status": "passed",
              "duration": 651236
            },
            "hidden": true,
            "match": {
              "location": "/Users/nguyenthihongthuy/protractor-sb/demo/steps/delete_account_steps.js:7"
            }
          },
          {
            "arguments": [],
            "keyword": "Before ",
            "result": {
              "status": "passed",
              "duration": 199053
            },
            "hidden": true,
            "match": {
              "location": "/Users/nguyenthihongthuy/protractor-sb/demo/steps/open_account_steps.js:10"
            }
          },
          {
            "arguments": [],
            "keyword": "Given ",
            "name": "I open the website http://www.globalsqa.com/angularJs-protractor/BankingProject/#/manager/list",
            "result": {
              "status": "passed",
              "duration": 2656921
            },
            "line": 6,
            "match": {
              "location": "/Users/nguyenthihongthuy/protractor-sb/demo/steps/add_customer_steps.js:15"
            }
          },
          {
            "arguments": [],
            "keyword": "When ",
            "name": "I click on Customers button",
            "result": {
              "status": "passed",
              "duration": 1492310
            },
            "line": 7,
            "match": {
              "location": "/Users/nguyenthihongthuy/protractor-sb/demo/steps/delete_account_steps.js:13"
            }
          },
          {
            "arguments": [],
            "keyword": "And ",
            "name": "I verify the Delete Customers screen",
            "result": {
              "status": "passed",
              "duration": 709522
            },
            "line": 8,
            "match": {
              "location": "/Users/nguyenthihongthuy/protractor-sb/demo/steps/delete_account_steps.js:18"
            }
          },
          {
            "arguments": [],
            "keyword": "Then ",
            "name": "I delete first name as Thuy , last name as Nguyen , postcode as 55000",
            "result": {
              "status": "passed",
              "duration": 4212474
            },
            "line": 9,
            "match": {
              "location": "/Users/nguyenthihongthuy/protractor-sb/demo/steps/delete_account_steps.js:23"
            }
          },
          {
            "arguments": [],
            "keyword": "Then ",
            "name": "I verify system is deleted customer successfully",
            "result": {
              "status": "passed",
              "duration": 1958466
            },
            "line": 10,
            "match": {
              "location": "/Users/nguyenthihongthuy/protractor-sb/demo/steps/delete_account_steps.js:29"
            }
          },
          {
            "arguments": [],
            "keyword": "After ",
            "result": {
              "status": "passed",
              "duration": 43316
            },
            "hidden": true,
            "match": {
              "location": "/Users/nguyenthihongthuy/protractor-sb/hook.js:5"
            }
          }
        ],
        "tags": [],
        "type": "scenario"
      }
    ],
    "id": "delete-account",
    "keyword": "Feature",
    "line": 1,
    "name": "Delete Account",
    "tags": [],
    "uri": "/Users/nguyenthihongthuy/protractor-sb/demo/features/3delete_account.feature"
  }
]